trace,sched_class,avg_cpu,avg_mem,avg_runtime_s,share_pct
A,0,0.075,0.051,415,30.43
A,1,0.087,0.029,729,45.36
A,2,0.067,0.043,1028,24.19
A,3,0.088,0.12,1105,0.02
B,0,0.123,0.096,345,30.97
B,1,0.086,0.032,760,44.44
B,2,0.096,0.058,872,24.57
B,3,0.099,0.12,82,0.02
C,0,0.083,0.065,385,31.93
C,1,0.082,0.028,711,43.09
C,2,0.088,0.057,918,24.96
C,3,0.101,0.012,7961,0.03
D,0,0.093,0.092,373,27.57
D,1,0.073,0.03,743,39.7
D,2,0.073,0.045,707,32.71
D,3,0.081,0.051,17135,0.01
E,0,0.093,0.074,333,28.62
E,1,0.093,0.043,693,46.96
E,2,0.084,0.049,832,24.41
E,3,0.089,0.061,9021,0.01
