week,Iowa,Oregon,Singapore,Chile,Finland
1,22.67,40.14,81.01,62.11,44.11
2,21.57,40.35,81.44,61.52,40.74
3,21.98,40.42,79.77,65.77,42.21
4,22.55,41.06,79.25,64.41,42.63
5,22.7,40.95,80.07,64.18,41.72
6,23.71,41.36,81.63,62.63,40.45
7,27.18,42.95,82.85,61.68,41.37
8,30.28,43.92,82.33,61.12,45.24
9,31.86,44.65,83.14,60.36,40.48
10,34.17,45.76,83.31,61.2,40.41
11,37.46,46.64,83.93,58.73,36.71
12,41.63,46.8,84.77,60.13,37.02
13,44.87,47.23,85.09,60.18,35.93
14,46.54,48.31,84.82,58.93,38.15
15,49.33,49.58,84.6,57.14,45.7
16,53.05,50.53,85.02,57.09,48.64
17,55.38,51.67,83.71,56.07,47.04
18,57.73,52.89,84.51,59.8,50.83
19,60.22,54.35,84.58,58.21,48.95
20,62.17,56.02,85.1,53.39,48.04
21,64.02,57.74,83.94,53.37,50.08
22,66.0,58.87,83.8,56.84,53.76
23,68.73,59.27,84.04,54.84,55.52
24,71.38,60.32,88.29,53.3,54.08
25,73.27,62.41,88.83,50.48,56.36
26,74.26,63.82,85.17,52.59,57.67
27,74.93,64.93,83.93,53.59,60.7
28,75.92,66.5,82.7,56.91,63.92
29,75.92,67.95,83.6,51.04,65.01
30,75.52,68.33,83.07,52.88,62.31
31,74.97,68.07,83.26,53.32,61.07
32,73.98,67.89,82.92,53.21,59.32
33,73.17,67.01,83.16,54.55,61.01
34,72.73,65.83,84.48,51.91,59.5
35,71.43,64.99,83.76,57.36,58.92
36,69.08,63.74,80.67,58.11,54.32
37,65.79,61.99,82.46,53.25,53.91
38,62.18,60.52,85.01,53.04,56.0
39,59.69,58.93,83.24,52.27,56.73
40,57.11,56.53,84.27,55.32,59.46
41,53.9,53.89,84.07,54.96,50.44
42,51.17,51.93,83.61,54.84,53.28
43,48.71,49.98,82.6,55.79,52.44
44,45.38,48.1,82.36,57.61,44.95
45,41.58,47.01,82.65,57.82,45.01
46,39.01,45.49,81.2,60.27,46.49
47,35.98,43.33,83.26,58.86,39.32
48,31.99,41.86,81.14,57.75,44.91
49,28.56,41.24,79.98,59.0,45.13
50,25.52,39.97,82.41,59.54,50.15
51,23.33,38.66,80.82,61.63,43.1
52,23.01,38.86,81.42,65.64,40.65
53,22.79,39.5,79.54,64.0,43.33
