week,Iowa,Oregon,Singapore,Chile,Finland,Iowa_as_plotted
1,31.81,26.14,142.85,73.5,39.48,37.88
2,31.81,30.29,153.35,73.5,46.69,27.11
3,31.81,29.71,138.11,73.5,51.73,21.98
4,31.81,28.29,139.16,73.5,50.98,22.55
5,31.81,27.86,119.8,73.5,40.97,22.7
6,31.81,27.71,108.55,73.5,43.89,23.71
7,31.81,27.57,120.16,73.5,45.3,27.18
8,31.81,29.86,145.02,73.5,44.53,30.28
9,31.81,32.86,141.86,73.5,46.61,31.86
10,31.81,31.71,123.95,73.5,45.89,34.17
11,31.81,30.57,120.1,73.5,52.28,37.46
12,31.81,35.43,120.7,73.5,53.36,41.62
13,31.81,30.0,135.15,73.5,51.88,44.87
14,31.81,29.0,128.79,73.5,57.85,46.54
15,31.81,32.86,136.17,73.5,56.58,49.33
16,31.81,35.86,144.54,73.5,43.75,53.05
17,31.81,32.43,120.01,73.5,39.36,55.38
18,31.81,36.0,137.98,73.5,42.02,57.73
19,31.81,33.57,135.74,73.5,41.1,60.22
20,31.81,31.86,131.43,73.5,39.66,62.17
21,31.81,33.0,126.64,73.5,43.17,64.02
22,31.81,36.43,126.02,73.5,43.5,66.0
23,31.81,36.86,124.88,73.5,53.28,68.73
24,31.81,31.29,128.01,73.5,43.09,71.38
25,31.81,29.14,202.92,73.5,33.84,73.27
26,31.81,53.71,146.86,72.8,43.66,74.26
27,31.81,40.0,137.56,68.6,40.8,74.93
28,31.81,42.57,117.43,68.6,41.12,75.92
29,31.81,42.43,141.42,68.6,41.26,75.92
30,31.81,43.29,121.39,68.6,41.83,75.52
31,31.81,38.14,119.73,68.6,42.6,74.97
32,31.81,37.0,120.26,68.6,51.25,73.98
33,31.81,38.71,167.91,68.6,45.27,73.17
34,31.81,41.43,201.89,68.6,50.43,72.73
35,31.81,47.14,118.2,68.6,50.7,71.43
36,31.81,58.71,117.97,68.6,51.5,69.08
37,31.81,37.71,119.49,68.6,61.58,65.79
38,31.81,28.0,126.96,68.6,51.29,62.18
39,31.81,26.0,127.01,68.6,52.08,59.69
40,31.81,29.43,116.8,75.2,47.48,57.11
41,31.81,34.43,129.13,75.2,47.91,53.9
42,31.81,41.71,115.24,75.2,65.48,51.17
43,31.81,40.43,112.84,75.2,46.85,48.71
44,31.81,38.43,117.73,75.2,43.12,45.37
45,31.81,36.43,122.65,75.2,42.06,41.58
46,31.81,34.43,112.98,75.2,41.6,39.01
47,31.81,41.43,118.61,75.2,44.98,35.98
48,31.81,42.71,125.39,75.2,44.51,31.99
49,31.81,79.0,113.15,75.2,45.65,28.56
50,31.81,59.0,107.63,75.2,43.4,25.52
51,31.81,45.14,112.95,75.2,37.81,23.33
52,31.81,45.0,100.09,75.2,31.74,23.01
53,31.81,45.0,96.83,75.2,33.86,22.79
